tweet_id,tweet_text
1,modi crosses century rallies elections
2,  narendramodi bring crowd paying head sending vans pick people houses
3,modi pakistani agent _ _ _ _ _ mouth
4,  narendramodi justmodi modihiaayega delhiwithmodi
5,  bjpindia narendramodi
6,retd vice admiral lambasts pm modi ins viraat allegation claims rajiv gandhi official visit
7,  computerbaba digvijaya _ incindia narendramodi aajtak zeenews
8,gst narendramodi sanjayazadsln
9,modiji accuses rajiv gandhi ins viraat family vacation shocking true compare selfless pm modiji spent cr public money touring foreign policy took country ride
10,awaited interview pm narendramodi exclusively zeenews viewers pm modi started packing bags opponents daydreaming
11,saying neech bhasmasur maut ka saudagar naamard boti boti kar denge asking pakistan remove pm narendramodi navjot singh sidhu openly speaks rally chowkidar ko niptane aaya hoon narendra modi ko thokne aaya hoon cc bjpindia amitshah
12,  sudhirchaudhary narendramodi zeenews
13,  deshkishaanmodi
14,  nitin_gadkari indiabolemodiphirse
15,mr modi turned habitual liar fact eminent personalities like vice admiral retd vinod parischa having set records straight shows vile nature modi lies downgrading indian political discourse shameful sabsebadajhootamodi
16,  rajivgandhichorhai rahulgandhi
17,  gen_vksingh deshkishaanmodi
18,care patients swallowing chewing difficulties watch new video need prevent harm eliminating imprecise terms soft diet describe texture thickness modified food bda_dietitians rcslt iddsi_org
19,  firekbarmodisarkar deshkishaanmodi
20,pm modi rahul gandhi explaining according major issues india facing pm wants interview transeseses hindi english
21,modi ji look policies sunaina nyay tribute courage equanimity nyay break shackles poverty nyay transform lives sunaina amp millions like
22,  modihiaayega
23,modi fumbles talking teleprompter called pappu ariticulate crystal clear talks times changed
24,modiji point use indian warships laws
25,kanwal different arnab apart arnab barking skills investigative journalist doesn find leads modi scams demonetisation pnb scam mudra loan scam sahara birla diaries rafale digs ins viraat naval officers hours
26,  one_by_two knew indian navy warship called ins virat news thanks modiji know nehru gandhis warships personal trip boats thursdaysthrowback
27,  supriya_sule kanchankool baramati everyvoteformodi
28,election prove turning point indias rise world pm narendramodi ji read interview modi ji talks young voters poll prospects national security deshkishaanmodi
29,mamataofficial lost totally threatens slap modi says elections scorching heat modi plot
30,today cabinet minister sh nitin_gadkari ji interacted business community amritsar leadership modi ji prioritiesed ease business key goals appealed vote nda modihiaayega puriforamritsar
31,use warships vacations nehru gandhi family pm modi quotes limited rajiv gandhi misusing friends amp italian family started nehru indira amp young rajiv amp sanjay vacationing aboard ins delhi voyage indonesia
32,  ranaayyub don tweet modi resign
33,ek commie dost ki logic pichle saal se sabse jyada garmi badhi hai aur modi ji lic office ac ni de rha wah sounds like mai single hun aur modi ji mujhe abhi tak ek bf ni diya nota vote dalungi ps lic employee
34,  vikasbha narendramodi pmmodionabp
35,  narendramodi
36,  nitin_gadkari deshkishaanmodi
37,delhi lets run narendramodi ji th pm central park inner circle cp new delhi shri rammadhavbjp ji amp smt smritiirani ji flag run shri kapilmishra_ind amp young benguluru south mp candidate tejasvi_surya lead run modifiedvikas modioncemore
38,  narendramodi
39,vice admiral vinod pasricha dismissed claims narendramodi rajivgandhi naval warship private taxi desperate attempt mislead voters phases won work mr narendramodi sabsebadajhootamodi
40,reasons atul cry foul nehru period foundation laid daddy born indira period born rajiv period groomed mms period supposedly comedian modi period got exposed mistake mistaken funny
41,shri gautamgambhirs vision east delhi deshkishaanmodi
42,life better years ago man modi came power personal life better matter indian air force bombing target life voting improve vote shashitharoor incindia
43,  himalayanzen smritiirani don reason loose amethi need change deliver tk cr bro
44,pm shri narendramodi addressing public meeting dindori maharashtra bharatbolenamonamo
45,man asks bjp spokesperson bjp planning win elections hinduvad amp aatankvad concerned small traders rubikaliyaquat rescue wait big news mamata banerjee said ll slap modi mins
46,  indiatodayexclusive loksabhaelections election didi versus people bengal pm narendramodi manogyaloiwal watch live t
47,petition questioning rahul gandhi citizenship dismissed sc company form mentions nationality british british citizen court bench headed chief justice ranjan gogoi said sabsebadajhootamodi
48,arun jaitley member investigation team probing bofors found evidence rajivgandhi delhi hc clean chit bjp govt modi appeal dismissed sc sabsebadajhootamodi shameonpmmodi modilies
49,  onepluspro maharshiday deshkishaanmodi blockbustermaharshi aitheyaasong hbdsaipallavi maharanapratap
50,jai shree ram modi modi chanting madan mitra roadshow desh ne man bana liya hai ki abkibaarmodisarkar tmchhi
51,  deshkishaanmodi
52,  lavanyaballal ark exactly fekendra modi country
53,matter country narendramodi ji addresses rally people attend huge numbers amp chant modi modi enthusiasm weeks results loksabhaelections announced amp deshkishaanmodi pm deshkishaanmodi
54,ground report fasal bima yojna pradhan mantri fasao yojna miffed rajkot farmers ready teach bjp lesson noteworthy farmer points fingers nexus modi government businessmen like anil ambani t
55,narendra modi degree prime minister yadavakhilesh indiadecides
56,supreme god kabir appeared satyug satsukrit sant rampal ji maharaj jeetegatomodihi modihiaayega
57,modis reference gandhis indiannavy aircraft carrier ins viraat eighties holiday lakshadweep referring reported time indiatodays anita pratap t
58,  sabsabadajhootamodi
59,unbearable loneliness narendra modi nmannathukkaren writes thewire_in lang en
60,  sabsebadajhootamodi
61,pm modi lists abuses hurled says congress spare mother na
62,  modionzee pm zeenews sudhirchaudhary narendramodi bjpindia
63,utter stupid election gimmick bjpindia dismissed sc narendramodi rahulkachallenge talk real election issues
64,business depends subscriptions economic success depends publishing stuff readers loven
65,upa ke time kabhi roohafza khatam nai hua modi ne aapki botal se roohafza nikaal kar ambani ki botal daal dia chowkidar pyasa hai hamari sarkaar aayegi har musaimaan ko saalana pichhattees litre roohafza muft milega chidambaram calculations ab hoga nyay
66,  ins pm narendramodi modihiaayega
67,  sabsebadajhootamodi apt way describe modi ji leave stone unturned amp lengths hide truth people india
68,  myogiadityanath _ _ myogiadityanath narendramodi amitshah yadavakhilesh ndtv bbcworld cnni
69,  jaisriram mamataofficial modiaanewalahai
70,  narendramodi
71,  narendramodi power iron grip institutions hold media narrative ability swing elections modi real power influence minds millions school friends amp relatives literally punch real power
72,pm narendramodi accuses gandhi family warship ins viraat personal taxi holiday rajivgandhi helm loksabhaelections pollswithapn
73,conclusive evidence modi thanos slowed time true picture people throwing chairs seen journos mini avengers escapes eye
74,repeat arvindkejriwal narendramodi
75,evms removed strong room loaded truck amethi ordered opening strong rooms strong rooms supposed sealed till counting day isn
76,  modihiaayega
77,  rabindrajayanti shubho jonmodin dadu
78,fear rahulgandhi makes motormouth narendramodi fumble body language clear indication defeat left running threadmill lies hatred moving josh
79,  modihiaayega narendramodi incindia
80,met year old narendramodi supporter rode moped days km amravati delhi constituencies rajasthan mp haryana etc campaigned pm saying har har modi ghar ghar modi modideshkishaan says
81,modi guilty iaf election campaign trips amp paying iaf pittance return bjp paid non official election trips sabsebadajhootamodi
82,  deshkishaanmodi mlkhattar subhashbrala katariaambala sureshbhattbjp bjpambala
83,abbiamo vinto fascisti sono fuori dal salone del libro con peoplepubit abbiamo tenuto una posizione che qualcuno parsa scomoda ma era comodissima nel sol costituzione ottemperanza ai valori della repubblica iovadoatorino adesso che si pu dire
84,  skpaswa narendramodi
85,  narendramodi deshbolemodiphirse
86,modi
87,  narendramodi naveen_odisha otvnews aajtak fani cyclone bhubaneswar narendramodi naveen_odisha otvnews
88,  sabsebadajhootamodi
89,  mangopeopletalk saala rajiv gandhi ins viraat family holiday saala corrupt ins viraat fighter ship yaar carry fighter planes things rajiv time didn forces modi rajiv time
90,modi dissing generations gandhis elections nehru indira rajiv sonia rahul ofcourse runs maybe modi start dissing priyanka children future naamdaars brought justice pre emptively know
91,ji khalakassmaavaati val arj va ma bainhuma fi sittati ayyaamin summastwa alal arshi arrh maanu fs al bihi khabiran kabiran modihiaayega
92,woman throws slipper navjot singh sidhu speaking modi rally marked modi modi chants opi
93,  news
94,  kahit na mahal na mahal mo yung tao kung di para sayo di para sayo felt
95,  zeenews narendramodi sudhirchaudhary abkibaarkiskisarkar modionzee
96,generally don share times videos vice admiral vinod pasricha retd exposes narendramodi fakery rajiv gandhi saying allegations totally wrong amp official trip
97,vice admiral retd vinod pasricha exposes pm modi lies says pm rajiv gandhi aboard ins viraat official visit visitors protocol sabsebadajhootamodi
98, 
99,brexit party ann widdecombe claims deal brexit compared sacrifice ww ensure britain freedom rtoday
100,  cnnnews narendramodi rahulgandhi electionalert pm narendramodi years
101,  firstpost modiji vulture politics oppositions regional parties playing religious defence patriotism t
102,woman throws slipper navjot singh sidhu speaking modi rally marked modi modi chants
103,girl village intelligent amp honest narendra modi amp followers esp arun jaitley
104,  narendramodi address violence problem west bengal election campaign spe
105,  exclusive pm narendramodi grudge aamaadmiparty conducted cbi raids arrested leaders find pm blocks delhi governments work sanjayazadsln tells cnn newss rupashreenanda electionswithnews loksabhaelections
106,  sirpareshrawal narendramodi abkibaarmodisarkar
107,rahulgandhi rally policeman slaps boy wearing modi mask asks chant chowkidar chor hai power money gandhis corruption bribing police goons real game begin come power
108,  sabsebadajhootamodi
109,bhot hue mahengayi ki maar nhi chahiye hume aisi sarkar mehangipadimodisarkar zeba_yasmeen gujjar_chhora kalikaprasad kakorisalim poojashukla faeqkhan dr_yadavashish nishantraii javedhabibkhan mlarajeshsp vijayya cjeet raheema
110,  watch pm modi purulia mujhe bataya gaya hai ki yahan didi ne kahan hai ki woh modi ko thapad maarna chahti hain didi mamata didi mein toh aapko didi kehta hun aapka aadar karta hun aapka thapad bhi mere liye ashirwaad ban jaayega woh bhi khalunga
111,modi vs mahamilavat gang deshkishaanmodi
112,  deshkishaanmodi
113,  swamy stop entertainment channel comic relief modi ji pm agai
114,mr modi charges rajivgandhi bofors scam quashed
115,  narendramodi deshkishaanmodi
116,  narendramodi abpnewstv pmmodionabp
117,modi mumbles fumbles tired scared
118,  loksabhaelections modihiaayega
119,modi mitro list work d tenure hey mudi tell topi kyu nahi pahani thi babari masood azhar ko kyu chhoda modi ok lemme talk rajiv gandhi errrrrr account work mudi
120,  amitshah hardilmeimodi shahonnews
121,  deshkishaanmodi bjpindia
122,fellow countrymen cr litres sewage litres entering ganga daily cause ganga nallah previous govts busy making money amp cleaning drive past richer amp ganga dirtier narendramodi possible
123,jai ho modi ji
124,good job woman throws slipper navjot singh sidhu speaking modi rally marked modi modi chants opindia news opindia_com
125,  divyaspandana modi obsession gandhi incredible
126,incorrect statements modiji
127,  modionzee nt miss pm narendra modis pure political interview sudhirchaudhary tonight pm zeenews narendramodi bjpindia
128,kolkata day thing lies btwn bjps victory masses unequivocally love modiji fear intimidation mamta goons try spread clearly people overcoming fear voting slogan chup chap kamal chap massive bjp gains sure
129,  madhuparna_et u blind colour blind modi blind
130,polymer modified bitumen pmb market forecast available new report polymer modified bitumen pmb
131,  rajivgandhi ins viraat private taxi pm narendramodi picks story media archive dug twitter user dprarohana handle stands shadow banned
132,wtf modi ji plz stop causing damages
133,  iftikhar _ rrazzaqpmln scorpio un unhumanrights wsj nytimes sushmaswaraj narendramodi razarumi
134,bjp majority lok sabha elections says pm narendra modi exclusive conversation sudhirchaudhary watch modionzee tonight pm zeenews narendramodi bjpindia
135,modiji distraction amp fakery resort indian air force jets taxi paid low iaf jets election trips scared sins haunting shamelessly pointing fingers
136,guttermouth sherryontopp tasted dinosaur eggs face rally people chanted modi modi modi modi pakpremi got balls soundly kicked
137,  sabsebadajhootamodi modi says cong fight terrorism cong rule masood azhar arrested imprisoned hafiz saeed declared global terrorist terrorism kashmir controlled modis pig headed policies kashmir revived terror
138,congress misusing navy defence minister nsitharaman press conference modiinsviraatattack
139,age rajiv gandhi enslaved muslims women islamic zealots passing law overturn shah bano judgement suffer horrors triple talaq halala age modi finally freed women passing law triple talaq criminal
140,  rahulroushan rss bjp isi agents going mental knowing anti india agenda modi quic
141,energetic supporters supporting hon ble pm narendramodi anupampkher piyushgoyal yashodhararaje
142,slap modi aaj tak abp news misreport mamata banerjee statement altnews
143,  narendramodi massive crowd pm modis purulia good bye didi deshkishaanmodi
144,  chattisgarh madhyapradesh rajasthan loan waived days rahulgandhi liar officeofknath said don jadu ki chadi days shame jeetensingh roadindia lillymarypinto singh_harmeet nitinipf modihiaayega deshkishaanmodi
145,mr modi scared s basically outmanoeuvred frankly s political force ve demolished s abusing read cp rahulgandhis interview thetribunechds aditi tandon anshumalini t
146,  deshkishaanmodi providing true grassroots development poor women empowered amp financially strong
147,  rti justmodi rahulkabaapchorhai
148,rd clear government majority bjp modiji people going accept formula creates uncertainty incoherence muralidhar rao deshkishaanmodi
149,liar narendramodi sabsebadajhootamodi t
150,namdar family congress ins viraat personal taxi pm modi raises rajiv gandhis lakshadweep vacation aircraft carrier
151,  narendramodi ji people immense faith trust respect love affection bjp simply deshkishaanmodi thursdaythoughts paraskghelani ji
152,ndtv news channel carry priyankagandhis road split screen pm narendramodis rally touching loyalty nehru gandhi dynasty
153,nero accused gujarat patels pre planning godhra train fire stunt political gains actually reaped nero security lapses intel failure amp zero action leading pulwama massacre modis operandi nomo nero
154,received narendramodi lose mouthful raungi chawal
155,  drrajeshdbhat neerangautam vineet _ romeshnadir jayprakash roadindia kschib ab_bjp prettypadmaja girishalva priyaaryaputri babble reinebow parvathinp onlinerajan _ _ maheshjoshi_mj macharajarao akshathabhattp raniroyrocky kvq
156,namo namo yes bhakto true yes bhakto telling lies bhakto open mouth lie lie lie sabsebadajhootamodi
157,  ins ins sabsabadajhootamodi
158,american support masood azhar un listed terrorist modi agreed american pressure buy oil iran billions dollars amp strategic relationship iran worth declaring masood azhar un listed terrorist
159,pm economic advisory council member emergingroy says india heading structural economic crisis seeing early warning signs acchedin narendramodi promised keeps invoking indian history year record
160,  rajivgandhichorhain tajinderbagga
161,listen speaking times herman_gomes vice admiral vinod pasricha said prime minister statement incorrect modiinsviraatattack
162,rti reveals psus forced spend rs cr bjps sabka saath sabka vikas events modi government misusing taxpayers money publicity political gain said rti activist neeraj sharma t
163,  aayegatomodihi modihaitomumkinhai
164,  piyushgoyal narendramodi stop digging old fake news amp start looking increasing complaints
165, 
166,  ins ins sabsebadajhootamodi
167,  narendramodi west bengal yearning democracy cpi mamta sabotaged bjp win big t
168,rt narendramodi spoke manogyaloiwal issues concerning west bengal watch
169,  reallyswara viratian _ reallyswara didn u asked ki jab aayega modi hi itna karcha karwa ke jo elections ho
170,  divyaspandana narendramodi hello vijay malaya pa link t
171,  ecisveep mamataofficial narendramodi
172,  mamataofficial tmc pm narendramodi kmc
173,  deshkishaanmodi providing true grassroots development poor women empowered amp financially strong
174,government held sanction prosecute g vanzara amp k amin gets special cbi court ahmedabad discharge ishrat jahan fake encounter case nero work rescuing killers amp criminals nomo nero maafimaangomodi zoomkarkedekho
175,ye tera ladka kya kya kehta fir raha hai narendra modi ji ke dil pyaar daalunga bach nahi sakte mere pyaar se modiji mujhe iske lachchan theek nahi lag rahe isse pehle mamla haath se nikle meri maan iski shaadi kara de
176,  sabsebadajhootamodi karnataka elections modi created fictional story nehru sacked general cariappa shameless lie fact rss plotted murder gen cariappa south indian
177,  modihiaayega
178,  amitshah narendramodi bjpindia bjpup uttarpradesh varanasi
179,better country ms mayawati prime minister narendra modi amp rahul gandhi mayawati looking better narendra modi prime minister post prime minister people vote sp bsp rld loksabha elections
180,stefan vogel head commodities rabofoodagri presenting igc grains conference igcconf ta
181,didi ruined bengals heritage pm modi west bengal namo app
182,  drshamamohd utpalghosh watermelon knife par gire ya knife watermelon par kya fark padta katega hi ek baar fir modi jitega nhi congress haregi
183,  sabsabadajhootamodi
184,  sabsebadajhootamodi
185,  rishibagree congressi modi shouldn mention surgical strikes campaigns fauj desh ki hoti hai vyakti ya par
186,  bedtet _ _ nota loksabhaelections bjpindia bjpup narendramodi bjplive pmoindia amitshah amitshahoffice narendramodi_in myogiadityanath cmofficeup drdineshbjp upgovt rssorg jpnadda sureshkkhanna
187,  sadhavi narendramodi nt india today confirmed details story
188,inc campaign far runs like abuse modi abuse savarkar abuse godse abuse rss sangh abuse modi msm intellectuals outraged savarkar dead gone dusted modi raises tera baap chor hai suddenly morality comes
189,warm meeting pm modi amp divyang person varanasi deshkishaanmodi
190,  modihiaayega
191,  mohfw_india wewanttojoinanatomy wewanttobeteachers futureonstake year nos vaccant seats time jpnadda mohfw_india pmoindia narendramodi fordaindia abpnewstv aajtak toiindianews pib_india subrah
192,modi guilty iaf election campaign trips amp paying iaf pittance return bjp paid non official election trips chandigarh shimla annadale chandigarh trip paid
193,canadian bhatia insignificant second rate actor leave modi second power think amitabh bachaan embarrassing bigoted canadian kumar giving tough fight
194,gdp gas diesel petrol modikafakegdp
195,pm modi spent rs cr public money touring world combined official trips unofficial ones amp billed taxpayer blatantly lying breaking rule comes easy modiji
196,modi wants talk nehru rajiv mountbatten cornwallis hastings minto heres thread stories nt want talk
197,watch massive rally crowd etches long trail gives rousing welcome pm modi helicopter lands west bengal bankura read t
198,  narendramodi deshkishaanmodi
199,  kanimozhi keralacastro anilindian kuvalayamala hkupdate girishalva chathootti prafullaketkar excomradekerala prof_hariom ranganaathan jspandey _ savesabrimala ensine sagenaradamuni maheshjoshi_mj jsaideepak advmonikaarora shefvaidya sgu
200,  sabsabadajhootamodi
201,  narendramodi
202,  major claims prime minister narendra modi years true t
203,  narendramodi modifiedvikas kapilmishra_ind tajinderbagga p_sahibsingh
204,  gst sabsebadajhootamodi
205,  gaalipolitics narendramodi narendramodi
206,  mayankredkop prove rafael ll sure stand maligning modi let talk
207,  defencepk narendramodi evm evm dna _ _ dna _
208,ve got rajiv gandhi swiss bank account number said vp singh election rally patna showing piece paper crowd promised reveal bofors beneficiaries days power swiss bank black money sounds familiar sabsebadajhootamodi
209,  sabsebadajhootamodi
210,exclusive saga narendra modis vindictiveness bureaucrat wants fight corruption mistake took modi na khaunga na khane dunga slogan face value sanjiv chaturvedi t
211,  narendramodi
212,advised narendramodi drag pm rajiv gandhi middle elections happened time years sitting pm insulting martyr pm whosoever advised modi sure wisher backfired
213,rssorg told narendramodi amitshah bjpindia comes constitution tweaked reflect indias new majoritarian ethos secularism hate excised bainjal
214,lets save soul elder sister currently suffering chronic kidney diseases goiter infection currently going weekly hemodialysis nisa hospital abuja suffered kidney disease years
215,modi shah fighters ve won seats relent rd spirit indian civilisation lacked millennia
216,narendramodi bhakts new poster girl italian stringer francescam foreign media corroborating bjpindia claim killing hundreds jihadis balakot note twitter handle includes france scam rafale coincidence
217,ranjith vadiyala asks sree iyer opinion narendramodi govt rvaidya sree iyer modi govt year term essential things govt cabinet
218,history pm brazenly lied late pm chosen new topic lie latest rajiv gandhi went holiday extended family ins viraat vice admiral retd vinod pasricha clarified sabsebadajhootamodi
219,  ashokgehlot narendramodi amitshah vasundharabjp ra_thore
220,  deshkishaanmodi
221,  deshkishaanmodi feel cheated computer baba brought rally monster sadhus feel accidentally campaigning digvijaya singh sadhvi pragya reasons happy
222,sick person mr modi spreading false things rajiv ji vice admiral dismisses lies rubbish sabsebadajhootamodi
223,modiji holding cards appropriate time needs learn bringing vario
224,  narendramodi deshkishaanmodi
225,tribute sons soil people till soil life relationships success family farming maharshi glory ysjagan ktrtrs narendramodi directorvamshi urstrulymahesh
226,worked net gdp growth adjusting fake companies want bet negative growth past years totally exposed nehru indira rajiv nt help kerala guys got right time pomonemodi
227,  bjpindia ones modi
228,having failed deliver development fronts pm modi adopted new technique campaigning election rallies attacking pm rajiv gandhi
229,  narendramodi beloved pm perfect example taare asman se uppar chai se sou crore ka chokidhar tak t
230,congress leader randeep surjewala hit pm modi accusing making iaf jets taxi itvideo loksabhaelections videos t
231,pm modi interview aaj tak campaign purulia west bengal deshkishaanmodi
232,modi ji rakes issues divert peoples attention failures world witness important leaders globally late shri rajiv gandhi ji sabsebadajhootamodi
233,  sabsebadajhootamodi
234,  modionindiatv ramadan pm amitshah cmohry
235,hey squinty master feku modi went pakistan invitation performed mujra nawaz sharif house modi pakistani stooge
236,  narendramodi
237,  modihiaayega
238,  sabsebadajhootamodi
239,  modihiaayega bjpindia
240,  sabsebadajhootamodi
241,  deshkishaanmodi
242,years modi better past pm past pm worse modi hmm comes thing guess
243,  prettypadmaja jhasanjay gone mad simply mad modiji allowed rafale blowing knowing fall flat know nuts whn national security matters death nail baba misdeeds bhago kahan bhagoge
244,  deshkishaanmodi
245,  ilficca _ rotefuchs ho anche lardire di aspettare finch non sia entrata nel portone esistono altri modi
246,use warships vacations nehru gandhi family pm modi quotes limited rajiv gandhi misusing friends italian family malaise started nehru pics nehru indira young rajiv amp sanjay vacationing aboard ins delhi
247,dubejiinc rt divyaspandana modis election agenda sabsebadajhootamodi
248,jab aap kisi se prem krte hai toh uski burai apku dikhai nhi deti hai like modi bhakt don mind
249,  modi wapas ayega ghar ghar bhagwa chaega jai shri ram jai shri ram puralia west bengal mamata scared repressing hinduism biting hard
250,  jharkhandbolemodimodi
251,bathong ba modimomixwell ke sefane sa tota yhu ha thought got started djing coz mixed
252,sure burger king real meals real hoax way doubly offensive workers spatula writers commodifying depression combine profit motive depression things struggle ramadan mock reli
253,  electionalert promised crore jobs jobs according parliament report reduced unemployment west bengal cent challenge pm narendramodi debate indias history papers teleprompters mamataofficial
254,  sabsabadajhootamodi
255,  cibil cibil_official rt narendramodi drrizwanahmed sardanarohit
256,  kejriwalchewtiyahai arvindkejriwal msisodia modihiaayega delhiwithmodi
257,soon modi shared india todays article corrupt rajiv misusing ins virat updated nt worry aroonpurie ss old article
258,  rahulgandhi sabsebadajhoothamodi
259,  pm narendramodi
260,pm narendramodi today lauded india today tv reporter manogyaloiwal bengal courage loksabhaelections
261,million car electric dream spurs smoggy poland grasp musk polands million car goal unrealistic execu
262,pac said bring climax sex type love need
263,  deshkishaanmodi
264,  onepluspro maharshiday deshkishaanmodi blockbustermaharshi aitheyaasong hbdsaipallavi maharanapratap
265,swara surgical strikes swara incindia supporter swara aamaadmiparty supporter swara deshdrohi supporter swara truth supporter justmodi
266,  cammodisane effsouthafrica m worried regarded spoilt ballot
267,modi wave journo nahi hai people removing chairs accommodate people stand journo
268,  deshkishaanmodi
269,  modihiaayega t
270,  sir aapke saansado ne pichle saal delhi kya kia modi abey wo chhodo kaam ki baat suno mai tumhe batata hu rajiv gandhi ne kya kya kia
271,  kanimozhi keralacastro anilindian kuvalayamala hkupdate girishalva chathootti prafullaketkar excomradekerala prof_hariom ranganaathan jspandey _ savesabrimala ensine sagenaradamuni maheshjoshi_mj jsaideepak advmonikaarora shefvaidya sgu
272,bjp tv narendramodi anubhavshukla rssorg amitshah myogiadityanath yadavakhilesh
273,seriously narendramodi trashing nangafying chinese gandhis abusing powers abusing navy navy ship like private taxi rajivg foreigner laws board takes foreigners aboard navy ships shameful
274,modi ji discovered time machine s fighting general election amp rajiv gandhi principal rival oh
275,  photo server_podivan
276, 
277,rare videos modi modi supplemented jai shri ram
278,  phirekbaarmodisarkar modiagainsaysindia modihiaayega modihaikaamdar loksabhaelections narendramodi modiwave
279,  narendramodi campaigning eiffel tower france indians hear modi modi chants deshkishaanmodi
280,kal ko modi ji ko vadnagar jaana ho toh wo rafale mein baith ke ja sakte hain
281, 
282,rahul gandhi welcome debate modi learns speak truths don incur consequence retraction amp repeated unconditional apologies supreme court given concoctions amp heat moment juxtaposition borrow apology
283,swara aunty rape politicise surgicalstrikes politicise sonam aunty role deshkishaanmodi aayegatohmodihi payalrohatgi
284,  narendramodi modi wapas ayega ghar ghar bhagwa chaega jai shri ram jai shri ram puralia west bengal mamataofficial scared
285,  ins ins sabsebadajhootamodi
286,  msopmodii _ opening box getting ok
287,  ayegatohmodihi
288,  narendramodi modihiaayega bjpdelhi
289,  renukajain laxit_parsana narendramodi strong feeling gargoyles andromeda galaxy conspiring modi defeated intense bhakti save
290,assumed pretty slept jace matter time sleep t
291,stop looking loser ugly eyes don deserve want look step use bratprincess vice chasity step send step ll obey find lockedinlust
292,  digvijaya _ reply sadhvipragya_mp deshkishaanmodi
293,  modihiaayega
294,gs smt priyankagandhi gave modi ultimate challenge fight phases lok sabha elections demonetisation gst crime women amp false promises nation youth
295,instead punishing guilty riots congress rewards pm modi nam
296,wo nt narendramodi election real issues achievements wo nt talk demonetisation claimed desh cos failed miserably election agenda defame leaders desh ka sabsabadajhootamodi
297,  idatexell om agenda mlartinget om vi ska lyckas med agenda behver alla engagera sig det en laginsats och vi behver ha modiga ledare globalatrender hllbarhetsmlen
298,  amitshah bjpup fortunate pm like modi deshkishaanmodi
299,  jharkhandbolemodimodi
300,  watch pm modi purulia mujhe bataya gaya hai ki yahan didi ne kahan hai ki woh modi ko thapad maarna chahti hain didi mamata didi mein toh aapko didi kehta hun aapka aadar karta hun aapka thapad bhi mere liye ashirwaad ban jaayega woh bhi khalunga
301,  phirekbaarmodisarkar
302,  narendramodi govts strategic plan helped open janaushadhikendras amp deliver medicines half market price strategic push resulted estimated savings rs crores public namo
303,mr modi fool people time retd vice admiral vinod pasricha busted pm modi fakery rajiv gandhi saying allegations modi totally false amp fabricated sabsebadajhootamodi
304,exclusive hindustan paper corporation salaries unpaid years employees approach nhrc modi govt read t
305,retd vice admiral lambasts pmmodi ins viraat allegation claims rajivgandhi official visit sabsebadajhootamodi
306,explosive ex fauji rips congress delusional surgicalstrike theory apart shame congress bigger shame ex pm sonia stooge dr manmohan singh blot chair pm world largest democracy congressneveragain deshkishaanmodi
307,modi overrated politician
308,  deshkishaanmodi
309,shamelessly modi lying rajiv gandhi pathological liar going win indian people accept insulting departed people modi going lose time sabsebadajhootamodi
310,nehru rajiv gandhi modi spreading misinformation vice admiral retd vinod parischa sets record straight rajiv jis travel aboard ins viraat exposes modis lies shame pms post sabsebadajhootamodi
311,  years incindia gt years bjpindia years modi times gt years congress
312,  sabsebadajhootamodi
313,anti hindu omarabdullah nc approaches jkhc seeks withdrawal amendment article gave reservation economically weaker hindus jammu govt jobs amp education hc issues notices union govt amp govt narendramodi govt amended feb
314,  ddfbdfabf nice got ta credit gothamburgersc newyorklivetv ddfbdfabf like amp retweet fortnite season battle pass ddfbdfabfa obstwitter appleitunes ddfbdfabfc tl _ ddfbdfabfe surface book ddfbdfab date friend huge crush alexcalichen ddfbdfab y nt bobrisky credit deserves wtf ddfbdfab ddfbdfab ddfbdfab vixx_news vixx hyuk if_only _ pm ddfbdfabb naamah infestation goal corpus gaining cr fieldron eta hrs ddfbdfabd ddfbdfabf ddfbdfab p_pekomi ddfbdfab fate grand order turas ralta fgo t ddfbdfab sorry owen rebel establishment s bad luck stood brexit sided ruling class people vote brexitparty_uk ddfbdfab ddfbdfaba absolutely lost happy months grr martins song ice fire ddfbdfabc db ddfbdfabf vic hi ha coses vergonyoses una delles el negoci de la mort tanatori privat en terrenys pblics preus abusius dem enterrem els seus privilegis vine la rua funerria la gesti municipal del tanatori celebremho ddfbdfab ddfbdfab ddfbdfab excuse ddfbdfab ddfbdfabb ddfbdfabf gledajte sad ove brazde na tek uradjenoj podlozi za asfalt ddfbdfab ddfbdfab complications aviable cases differ methods better ddfbdfab pm modi like school boy failed homework excuses pandit nehru taken away answer sheet indira gandhi paper boat priyankagandhi aicc general secretary ddfbdfabb oh chaque fois donner le meilleur de soi ce est qu un pome mais si est maladroits est avec joie qu vous aime tanka posie yolo mditation amiti ligue_des_optimistes jeudiphoto ddfbdfabd ugur _ guardiola art barcelonaya eski havay katacak tek kiidir uan coutinhoda neymar yapmaya alo uan ddfbdfabf ddfbdfab ddfbdfab want bounce lil uzi knee ddfbdfab ddfbdfab october think amazing babies toast babies happy birth month lovely humans let know baby ddfbdfabb ddfbdfabd ddfbdfabf ddfbdfab ddfbdfab born day late jimmyruffin photo taken fairfield halls ddfbdfab ddfabdfabb ddfabdfabd tweet gt gt ai nt like nt want ddfabdfabf ora misurazione temperatura c umidita punto di rugiada temperatura percep ddfabdfab agzhf ddfabdfab sarap ddfabdfab tprince t t ddfabdfabb anos eu tava fazendo era assim ddfabdfabe ddfabdfab lorenzobises addirittura scomodare cat woman si prenderebbe sberle basta ddfabdfab know capitalism evil forced scab ll debt collectors knocking don work ddfabdfab pay close attention friends nt ask amp continuously talk amp expect nt type people nt need amp took long realise ddfabdfab ddfabdfab silvertip films vlog video production news emilybeachuk filmed southlodgehotel featuring wor ddfabdfabc arsmsk ddfabdfabe enjoy_thenoise quand je vais taffer tout court marche aussi perso ddfabdfab changed soobins hairstyle showing forehead oof dead fr fr ddfabdfab juliadrobertson jsoosty responded tweet read happy lesbiandayofvisibility self worth directly tied fucked hair anyways cis commented lesbian twitter account suspended ddffbdfabe narendramodi ddbdfabda sir s technically possible present constitution given parliamentary system presidential way vote modi ji vote varanasi nt need find best possible candidates constituency ddbdfabd modihiaayega ddbdfab gentle reminder modi election amp dare fight real issues guts sabsebadajhootamodi ddbdfabb el catal una llengua molt antiga modificada poc utilitzada al mercat un catal pot viure un dia plenament ddfbdfabe imagine pm middle election talk pm dead years perported visit naval ship dramsinghvi sabsebadajhootamodi ddbdfab dear rahulgandhi ji ayegatomodihi modihiaayega dddbdfab modihiaayega namowithharyana narendramodi bjpindia ddbdfaba mamata banerjee kolkaat municipality trucks remove banners bjp narendra modi didi mamataofficial scared nt trust voters gon na vote nt like work ddbdfabd purulia deshkishaanmodi ddbdfaba shehzad_ind narendramodi people doubt namo win ddbdfab acb_maharashtra milokmat chdadapatil pmoindia dev_fadnavis waglenikhil cmomaharashtra narendramodi ddbdfab narendramodi agreed gandhis corrupt family sitting papers years ddabdfabb lets return peace return sanity lets progress lets congress lets return development vanity lets progress lets congress sabsebadajhootamodi ddebdfabc modi punch opposition jampacked schedule today addressing rallies day t ddebdfabc independent india temples broken occasions man gujarat kashi modern aurangzeb busy creating rift amp hatred indians sabsebadajhootamodi ddbdfabf amitshah deshkishaanmodi ddbdfabf narendramodi ddbdfabad went review second visit rml hospital got appointment ors days ago choose date went st floor counter online appointments st queue time phirekbarmodisarkar ddbdfabc overcome weakened security india rajiv gandhi modi fudged gdp data hid nsso data employment demonetised country helped increase indias debt amp ignored intelligence report imminent terrorist attack pulwama ddbdfabb vice admiral retd vinod pasricha clarified times says shri rajiv gandhi aboard ins viraat official visit amp visitors basically following norms sabsebadajhootamodi ddbdfab like frankenstein monster founder bjp cell says pm modi team started rot huffpost india ddbdfabdb narendramodi loksabhaelections electionswithindiatv resultswithrajatsharma t ddfbdfabac guy ask selfie reallyswara shoots video instead selfie said ma aayegatomodihi swara shocked ddabdfabe violencia contra las mujeres resultados clave estrategias para abordar la denuncia cumplir la orden de pro ddabdfab seu perfil foi visto por pessoas na ltima hora ddabdfab ddabdfab usj onepiece ddabdfab cutest thing omg ddabdfab cnnnews narendramodi incindia pawankhera hahaha vice admiral political aspirations al ddabdfabb custom shop canopus usedcanopus pack ddabdfabd new film pov films vol t ddabdfabf ddabdfab stray kids bang chan new nickname funny fits ddabdfab aveugle ou quoi directeur de cabinet qui devient prsident de la rpublique omarbongo pendant la maladie de ddabdfab binance binance ddabdfabb caralho mais um dia indo pra aquela mfia que se chama detran ddabdfabe hustling ddabdfaba ddabdfaba ddabdfaba teeny piece nano fiction weep feature anthology end july writingcommunity amwriting drabbles
315,  modi mamataofficial laddus stored laddu moditohgaya
316,modi habitual liar lies daily basis statements false sabsebadajhootamodi
317,  onepluspro maharanapratap thursdaythoughts deshkishaanmodi
318,huge crowd gathered beat narendra modi reports madhuparna_et
319,  pawankhera exposes lies pm modi sabsebadajhootamodi
320,  narendramodi deshkishaanmodi
321,modi editor newspaper thing checked date trust man sabsebadajhootamodi
322,finally voted phase loksabha modihaitohmumkinhai modiagainsaysindia everyvoteformodi indiabolemodidobara modihiaayega narendramodi amitshah bjpmaharashtra dev_fadnavis neel_apte deepvalesha
323,  deshkishaanmodi
324,congress airforce modi went balakot thanks airforce modi taking credit t
325,habitual lier includes marital status amp degree certificate sabsebadajhootamodi
326,  sabsebadajhootamodi
327,lies lies lies modi makes perfect square sabsabadajhootamodi t
328,anti modi gang spreading canard bjp best govt formati
329,promises modi ji delivered hide failures amp divert peoples attention failures modi ji stoops new low sabsebadajhootamodi
330,  live vice admiral vinod pasricha retd said lie prime minister official visit nt holiday facts nt matter mr narendramodi incindias pawankhera addresses media electionswithnews pmrajivjibe
331,  cnnnews narendramodi gvlnrao resources self aggrandisment pr bill s crore kon tera baap bharega kya
332,  narendramodi
333,easy goamining dependents drawing income particular industry shift industry man owning mining truck operate trucks shop owner mining belt narendramodi nstomar nitiaayog goacm
334,let remind disgusting mha modi nd march month delhi government formation mha issued notification remove delhi governments control acb services amp department direct impact common citizen delhi
335,  deshkishaanmodi modihiaayega narendramodi amitshah
336,  bjpindia rss narendramodi vijayanpinarayi cpimspeak cpimkerala cpimlliberation kerala hub anti hindu t
337,lie pm modi nailed sabsebadajhootamodi
338,  sabsabadajhootamodi
339,media saying ppl angry modi throwing chairs ppl throwing away mamata rule
340,  pradip baaki sab badme pehle yeh bata dijiye winning amethi
341,  inctelangana truth article deshkishaanmodi
342,modi targets dead leaders sifydotcom cartoon
343,watch live shri amitshah addressing public meeting balrampur uttar pradesh deshkishaanmodi
344,  ani use insult advantage learn modi sample mamata ll slap modi modi aap didi hain apka aadar karta hu ll blessing congress modi rajiv corrupt congress aise kaise bola
345,  gkpabhishek piyushgoyaloffc yadavakhilesh narendramodi bilkul milega ko btw lallantop dekhne se accha kuc
346,explained modi coward sabsebadajhootamodi
347,modi ji high court cleared pm rajiv gandhi charges bofors case bjp govt govt supreme court dismissed appeal bofors cared truth sabsebadajhootamodi
348,  iyc keshavyadaviyc srinivasiyc satyajeettambe riarevealed milinddeora sabsebadajhootamodi
349,medal best liar narendramodi gold platinum shameless modi
350,  sabsebadajhootamodi shameful modi bhakt rahulkanwal shares lies chela t
351,  narendramodi
352,dear pm narendramodi abrogation articlea article absolutely necessary farooqabdullah _ omarabdullah ghulamnazad amp mehboobamufti converted kashmir syria amp repealed help convert jmu ladakh
353,diversidade de saberes oxignio para uma universidade de excelncia sociedade que nos financia precisa esta
354,  nofake voici mon beaufrre flic au congo qui patrouille dans un lourd x pour garder le pays en situation pacifie par tout les moyens jug adequats le mec opine que pour calmer le neuf trois il faut juste des toyota avec des parebuffle et moins de droits de homme
355,  rajivgandhi ins viraat private taxi pm narendramodi picks story media archive dug twitter user dprarohana handle stands shadow banned
356,  narendramodi
357,landmark judgement set precedent builders won harass homebuyers anymore slapping defamation case whn cornered bcoz thr non performance amp cheating hatsoff shilpithard bravepedestrian pls act dev_fadnavis narendramodi agnt mplodha
358,  jokeoftheday jaayegatohmodihi
359,exclusive remember pm modis pet project ro ro ro pax ferry services suspended month inauguration
360,yeah like indian voters selecting modi pm
361,  rss moditohgaya jayegatomodihi abhoganyay
362,l sabsebadajhootamodi
363,  bjpindia bjpsamvaddelhi pmoindia narendramodi
364,  bjpindia toss ka boss modi
365,  deshkishaanmodi thursdaythoughts earlier muslim crowd like eid bakrid bigger gathering modi rallies listen muslims varanasi case doubt modi represents hindu population india
366,  seriousfunnyguy renmishra narendramodi sad dat humanity left world person continuously wrk betterment india ppl bcam selfish didn nearby development dey didn personal gain hats nar
367,cry baby modi rd sabsebadajhootamodi
368,  sabsebadajhootamodi changed meaning lying
369,  deshkishaanmodi
370,exclusive parliamentary committee bjp mps murali manohar joshi blames modi govt compromising indias safety amp security says defence preparedness level unacceptable situation ominous read t
371,modi challenge cartoon amarujalanews
372,rti response reveals bjp paid rates low rs trip prime minister january dear india tax money spent modi luxury trips instead development feel
373,tmc deshkishaanmodi
374,india young people coming large numbers vote nyay older experienced voters understood powerful idea modi ji time time change come abhoganyay
375,  vickyaarya narendramodi rahulgandhi incindia incindialive priyankagandhi rssurjewala yadavakhilesh
376,  incindia sabsebadajhootamodi
377,ramlila maidan delhi aamaadmiparty incindia deshkishaanmodi
378,  loksabhaelections mamata insulting constitution accepting pm mamatabanerjee narendramodi
379,dear governor mikesonko state health facilities nairobi leaking amp dilapidated building water logged rooms danger leaking roof live electric power water medical commodities store soaked estherpassaris babu_owino moh_kenya whokenya
380,  deshkishaanmodi
381,bebein annesi doum srasnda lnce ailesi tarafndan kalbi balanm siyah tirtl adama dikkat kalbi alan kii len annenin kalbini tayan adama bebein tepkisi inanlmaz
382, 
383,  pmmodionabp
384,exclusive election indias turning point pmmodi namo app
385,pm lying ins viraat incident check bachchan case doubt wajahat habibullah sabsebadajhootamodi
386,  narendramodi
387,modiporter robinson amp madeonshelter
388,  niamor jeromedesudie davduf giletsjaunesgo tropical_boy bopealouis modigliani enmodemacaron atheepratiquant collcartonjaune babar_le_rhino razoor ccastaner ah oui est la classe vegas
389,  _ _ _ _ phirekbaarmodisarkaar patliputrakalalramkripal shasaknahisewak
390,  pmmodionabp deshkishaanmodi
391,  rahulgandhi loan waiver days kamal nath loan waiver possible days modihiaayega
392,  narendramodi manogyaloiwal deshkishaanmodi youth chanting jai shri ram mamataofficials house kalighat west bengal way
393,age rajiv gandhi blown pieces sl terrorist age modi clicking pictures outside white house travelling abroad rss money amp roo baroo hounding amp abusing rajiv modi amp paid trolls committed unpardonable sin
394,  yourgalneha amitmalviya let sink tajinderbagga amitmalviya shefvaidya vivekagnihotri rishibagree mvmeet jhasanjay anupampkher aiyshwaryam lambaalka reallyswara haftawasooli sarcasticrofl modiledubega nehr_who t_d_h_nair sanju
395,  phirekbarmodisarkar gambhirforeastdelhi
396,  ashikismyname yourgalneha amitmalviya tajinderbagga shefvaidya vivekagnihotri rishibagree mvmeet jhasanjay anupampkher aiyshwaryam lambaalka reallyswara haftawasooli sarcasticrofl modiledubega nehr_who t_d_h_nair sanjukta realhistorypi
397,  narendramodi rajnathsingh _ _ _
398,modi needs explain lady won election lies education amp repeatedly spread fake news powerful cabinet minister
399,vajpayee son law shimla holidays indian airforce aircraft modi iaf choppers photo shoot locations amp partys programs world wide pm president travels military provides family convoy needless controversy
400,  jharkhandbolemodimodi
401,  sweetu ranjeet siya sahilvikas maltiupadhyay asha__gupta somdutt bluee_bld modified_sher drvarun anuragtamrakar badepapapart aaryavrat mmastarji _ baisaraj jyoti_saffron iavadesh raj_sri rajdevj agrwalr
402,exclusive election indias turning point pmmodi
403,pm modi ins sabsabadajhootamodi
404,  stymo dhruv_rathee chirufollower rahul gandhi called modi chor gaali allegation proof modi responded kind reminded rahul gandhi disgraced father looted bofors kickbacks uncle ottavio qua
405,  chouhanshivraj chouhanshivraj deshkishaanmodi
406,nt forget unnav nt forget unemployed youth nt forget farmers suicide nt forget farmers attacked sabsebadajhootamodi
407,  modihiaayega
408,  modijahanvikaswahan continuous efforts modi govt dreams children education jobs youth
409,dear delhi parents vote wisely tv bhakti modi won bright future children government party like aap parents time private schools try loot exorbitant fees hike vote wisely
410,  narendramodi nayay
411,  narendramodi amitshah ramlal phirekbaarmodisarkar hardilmeimodi harboothparmodi
412,  ayegatomodihi jai shri ram
413,  ashokepandit don cal kashmiri pandith ur language cheap oh modivirus
414,prime minister narendra modi hold rallies today azamgarh jaunpur amp prayagraj uttar pradesh bankura amp parulia west bengal file pic
415,yeh kya se kya ho gaya dekhte dekhte modi ji toh haar ke darr se pura bhokla gaye hain
416,  manojtiwarimp modihiaayega
417,  _ pm modi interview aaj tak campaign purulia
418,  deshkishaanmodi
419,  hmoindia pmoindia awasthis kapilmishra_ind modifiedvikas tajinderbagga drhvoffice pmoindia sardanarohit
420,  narendramodi fairly inaccurate surprising article relating pms holiday accused naval ships taxi surfaced soon narendramodi called chor year old report inaccuracies
421,muck modi utters going land face time lets lies win truth triumphs sabsebadajhootamodi
422,  narendramodi modihiaayega namowithharyana bjpsirsa bjphisar mlkhattar subhashbrala subhashbrala sunitaduggal brijendraspeaks
423,  jharkhandbolemodimodi
424,mr modi bjp trying hide failures abject acceptance surrender defeat knowing internal reports booth reports phases dramsinghvi sabsebadajhootamodi
425,  narendramodi pmmodionabp
426,  reallyswara epic response man approached selfie airport video heard saying ma aayega modi hi
427,  narendramodi ready debate sir
428,retd vice admiral lambasts pm modi ins viraat allegation pm shri rajiv gandhi mr gandhi official visit sabsebadajhootamodi
429,  amitshah amitshahoffice bjpup bjpindia deshkishaanmodi loksabhaelections
430,  transformingindia bjpmission narendramodijindabad
431,  modihiaayega
432,shame gautamgambhir know mandatory filthy misogynist bjpindia sordid fake pamphlet atishiaap crossed limits attack woman cost dearly narendramodi
433,activity onboard naval ship transmitted recorded helicopter landings modi days pm let check defence ministry prove allegation
434,  mrchoudharys dchautala narendramodi sal pehle haryana mein punjabio ki dukane kis ne jawali thi chun chun ke
435,  karma rajivgandhichorhai gandhipariwarchorhai justmodi video link youtube
436,modi ji india interested blatant lies rajiv gandhi ji dishing look interested know sabsebadajhootamodi
437,gandhi family ins viraat personal taxi modi
438,  harboothparmodi
439,  isinghapurva modifiedvikas rahulgandhi priyankagandhi monurajasthan hindu_blood sengarlive singhawantika harishgariyabjp abhijatmishr marchanapandey premi _ mesmerieye_zer isapnamishra meghagupta kajal_jaihind
440,non monsieur le dput la faute morale vient de la majorit qui accept de modifier la loi en la rendant dramatique pour les enfantsplacs nous remercions les dputs qui ont vot contre la loi la demande des premiers concerns cessez votre instrumentalisation
441,pm lying ins viraat incident check bachchan case doubt wajahat habibullah sabsebadajhootamodi
442,  divyaspandana narendramodi zero concern police man collapsed stage campaigning continues
443,super love super leader people bankura deshkishaanmodi mainbhichowkidar
444,pm modi lying ins viraat incident check bachchan case doubt wajahat habibullah sabsebadajhootamodi
445,  deshkishaanmodi
446,nervous vs confident refers chits vs impromptu avoids eyecontact vs straight looks fighting vs elections bjp cell spent millions create pappu pappumodi presented rgpm abhoganyay
447,  pmmodi economy
448,  sushilmodi nitishkumar narendramodi laluprasadrjd sushilmodi
449,  deshkishaanmodi
450,mamata banerjee paranoid municipality trucks remove banners bjp narendra modi paranoia comes fact didn development work past years scared voted power
451,  sabsebadajhootamodi lies lies lies incessantly targeting alive sick despicable person modi
452,  jharkhandbolemodimodi
453,modi speak issues like jobs farmers distress economy fake jumlas failed issues divert attention non issues amp resort personal insults martyred terrorists sabsebadajhootamodi
454,  sabsebadajhootamodi
455,fir registered group people raised modi slogans digvijaya _ roadshow bhopal mp police personal seen wearing saffron scarves amp campaign cong candidate democracy safe cool amp giving flying kisses liberals ecisveep desimojito
456,great connect masses promising vision country ability deal modi company venom patience dignity mr rahulgandhi best pm material india decades rgforpm
457,  narendramodi amitmalviya epic scenes visit modiji pm west bengal moditohgaya
458,  betterpakistan hakumat league nai kee hai aur app kai khayal main modi ko summon kareen
459,  kesari mandeepbajwa krajeebanker imtaps narendramodi mr bajwa inc member read bio
460,  narendramodi bjpdelhi
461,je vous conseille aller regarder arrt qui modifie les maquettes de des si vous avez
462,  deshkishaanmodi
463,narendra modi accused rajiv gandhi ins viraat personal tour retd vice admiral vinod pasricha commanding officer ins viraat says nt m missing mani shankar aiyar sabsabadajhootamodi
464,pm lying truth times sabsebadajhootamodi
465,ridculo virou modinha adolescente gostar de van gogh triste
466,  airtel_presence narendramodi bjpdelhi smartly airtel replied pop messages kind
467,pm modi lists abuses hurled says congress spare mother nam
468,lets debate bofors rafale minutes mr modi rahulkachallenge
469,purulia west bengal ahmedabad gujarat people gathered glimpse pm narendramodi deshkishaanmodi
470,  onepluspro blockbustermaharshi viswasam ayogyaarrivestomorrow deshkishaanmodi sabsebadajhootamodi sarkar
471,  onepluspro maharanapratap thursdaythoughts deshkishaanmodi
472,  nidhi believe ndtv chatu ravish jamat working hard uproot modi government
473,  deshkishaanmodi
474,  jharkhandbolemodimodi
475,  jharkhandbolemodimodi
476,modiji knowing according maintain image come sorts excuses going able escape excuses time abusing family panic rahulgandhi ji
477,congress problem called lakh suit gifted pm modi absolutely issues ins virat personal vacation exposed navy vessel secrets amp capabilities foreigners
478,felt twitter twitterindia jack shadow banned pm narendramodi ac
479,yesterday bebest anniversary celebration flotus honored farmington high school robotics teamyoung leaders tech skills modify adapt motorized play equipment children wheelchair provides road mobility
480,  moditsunamo
481,vice admiral vinod pasricha retd said lie prime minister sh rajiv gandhi official visit nt holiday facts nt matter mr narendramodi pawankhera sabsebadajhootamodi
482,  chouhanshivraj chouhanshivraj deshkishaanmodi
483,  jharkhandbolemodimodi
484,  sabsebadajhootamodi
485,  sujata_trivedi narendramodi manogyaloiwal
486,watch modionzee
487,  chouhanshivraj narendramodi chouhanshivraj deshkishaanmodi
488,  timesnow dramsinghvi pm narendramodi congress ki prem ki dictionary cong ki prem ki varsha
489,  prakash cnnnews narendramodi incindia pawankhera official visit
490,pm lying strange claims got details wrong administrator island check records wajahat habibullah retired bureaucrat administrator lakshwadeep sabsebadajhootamodi
491,  sabsebadajhootamodi
492,  narendramodi t
493,  firsemodi
494,  narendramodi zeenewshindi aajtak arnabgoswamirtv
495,years rahulgandhi attacking narendramodi baseless alligation like chowkidar chor pulwama t
496,modi govts strategic plan helped open jan aushadhi kendras deliver medicines half market price dhairyaroy opindia_com
497,  sabsebadajhootamodi
498,modi ji ko sirf kehna krke dikhana chahiye betiyon ko dokha dwne walon ko aap sakht saza jin logon ne hamari zindagi bardad ki unki thodi si zindagi barbad ho ye logon ko kyun samjh ata hum insan hy hame dard hota hy
499,defence lies exposed ahmed patel ji rajiv gandhi ji assassinated st congress supported chandrashekhars th nov st jun regime surely wasn bjp called hate incindia deshkishaanmodi
500,shining india dalit boy beaten bjp supporters dalit boy bought car nt like minorities lynched daily india un unhumanrights wsj nytimes sushmaswaraj narendramodi razarumi hamidmirpak gulbukhari bbcurdu
501,  piyushgoyal deshkishaanmodi
502,jai shri ram amp modi modi chants raised madan mitra roadshow dkha dkha mamata didi revolution taking place west bengal jaishriram
503,supreme court dismisses petition rahulgandhi alleging holds citizenship countries cji ranjan gogoi said company form mentioned rahul gandhi british citizen british citizen case dismissed tight slap modi
504,  ptshrikant narendramodi bjpup amitshah
505,pm modi says rajiv gandhi went vacation lakshadweep ins virat vice admiral time rajiv gandhi aboard ins viraat official visit amp visitors basically following norms facts pm modi sabsebadajhootamodi
506,knows tame media embedded panna pramukhswill dare ask modi running office track record pm citing demonetisation masterstroke
507,  deshkishaanmodi congressneveragain
508,time modi govt took fudging data gdp employment companies destroying indias credibility economy heres latest bomb
509,ground report slaves factory owners workers hit delhi streets modi govts anti labour policies modi government stop interfering functioning banks continue protests future t
510,sabsabadajhootamodi shamelessly trying best divert attention failure pm fulfill promises ask votes demonetization blunder gst ruined economy ploy malign gandhis fake news working shame
511,watch local tmc leader enters voting counter vote behalf multiple elderly voters hooghly tarakeswar arambagh lok sabha seat iindrojit reporterdiary loksabhaelections phase votinground videos t
512,sc rejected tejbahadur petition challenging rejection nomination paper modi producing certificate ec dismissed corruption disloyalty modi election wins challenged
513,rajiv gandhi ins viraat taxi family vacation pm modi
514,  myfellowindians narendramodi sanjayuvacha loquacious_lion sonumohanty subytweets mnomics _ neo_pac
515,  sabsebadajhootamodi new competitor
516,pm lying ins viraat incident check bachchan case doubt wajahat habibullah sabsebadajhootamodi riarevealed
517,didn bjp pass ordinance stop sealing modi promised statehood delhi didn bjp grant statehood imran khan endorsing narendra modi arvindkejriwal asked prime minister
518,ll gruppo di clienti napoletani con loro abiti su misura laccento modi di fare mi fa impazzire li amo troppo
519,  deshkishaanmodi
520,  faithful mess pure people hearts
521,white house transitioning cooperating special counsel robert muellers investigation war footing facing congressional democrats citing mueller report roadmap impeaching president
522,  narendramodi deshkishaanmodi
523,  pmoindia narendramodi dot_india look issue closer mile bsnl connections running people refusing applications want mbps unlimited plan home
524,voices ground lotus bloom heart india modi magic dies madhya pradesh sabsebadajhootamodi
525,  rahulkachallenge modi isn opposition leader pm investigation apparatus disposal instead making false accusations investigated congress leaders dare probe biggest scams involved rafale amp demonetisation
526,  fras return rightful owner integrity negotiable commodity
527,  narendramodi
528,  jayajaitly rohini_sgh narendramodi pm narendramodi congress ki prem ki dictionary cong ki prem ki
529,koi english transasese sabsebadajhootamodi
530,  narendramodi ji public meeting bankura bjpbengal narendramodi amitshah kailashonline menonarvindbjp namoagain phirekbaarmodisarkar mainbhichowkidar modihaitohmumkinhai
531,pm lying ins viraat incident check bachchan case doubt wajahat habibullah sabsebadajhootamodi
532,oops fake narrative narendramodi bjpindia rajivgandhi loksabhaelection elections
533,thank shri narendramodi creating opportunity indians learn real history nehru truth rss role national struggle
534,  deshkishaanmodi
535,entire world bank career heard complaints indias national statistics heard problematic chinese data modi jaitley damaged credibility modikafakegdp
536,  electionsoutlook improved education health infrastructure water facilities etc arvindkejriwal narendramodi loksabhaelections elections elections
537,  jharkhandbolemodimodi
538,  deshkishaanmodi tukde tukde gangster like swarabhaskar modihiaayega modioncemore modioncemore modiagain modihaitovikashai modihiaayega harboothparmodi
539,  moditohgaya
540,odin source income don away protestagainstprescution moonsofficial pmoindia narendramodi dev_fadnavis arunjaitley finminindia bjpshivpshukla amitshah secretarydea cmomaharashtra piyushgoyal
541,  vijaysankalprally modijahanvikaswahan
542,srikishun knows actor turned mp ravi kishan bjp candidate gorakhpur little consequence said going way vote modi report pti_news ahead round seven phase loksabhaelections
543,namdar family congress ins viraat personal taxi pm modi raises rajiv gandhis lakshadweep vacation aircraft carrier
544,  vandanasonkar adarsh _ anjuydv yadavshyamsp brajeshyadavsp narendramodi myogiadityanath shivani
545,  narendramodi modionzee pm zeenews sudhirchaudhary
546,late prime minister rajv gandhi official visit amp holiday vice admiral retd vinod pasricha modi ji proved sabsebadajhootamodi
547,  abbakkahypatia bjp gets modi shah kicked think need allies maybe gad
548,rahul gandhi rally policeman slaps boy wearing modi mask asks chant chowkidar chor hai
549,wondering ishqfm paid modi ads repeat
550,days sabsebadajhootamodi away oblivion ll laughed future generations india like hitler germany black era indian democracy coming end rd
551,pm modi master lies sabsebadajhootamodi
552,  omersajj mayavi divyaspandana narendramodi empathy
553,watch video amp retweet congress cell tweet trending sabsebadajhootamodi watching video know biggest liar deshkishaanmodi
554,  nitin_gadkari deshkishaanmodi
555,  narendramodi nirahua
556,kind police gundagardi policeman tears kids modi mask sls threatens amp chowkidar chor hai
557,  devyanidilli ahmedpatel narendramodi rajnathsingh sanjay gandhi died suspicious aircrash indira gandhi pm ahmed patel logic indira responsible sanjay death mysterious accidental deaths scindhia amp pil
558,  panchaljirajesh aditya narendramodi pmoindia sushmaswaraj uppolice dgpup sspnoida bikebot narendramodi_in garvit innovative promoters ltd bikebot cmd sanjay bhati pending
559,  sardanarohit manakgupta htetey bjpindia amitshah narendramodi sudhirchaudhary bjp seat congres goes remember tweet
560,  jharkhandbolemodimodi
561,  jharkhandbolemodimodi
562,  onepluspro deshkishaanmodi maharanapratap ins viraat sabsebadajhootamodi purulia shankarajayanti bankura
563,  sabsebadajhootamodi
564,join ageless timeless evergreen dreamgirlhema campaign hema ji urge people india vote india promise prosperity power happy grace occasion join phirekbaarmodisarkar
565,  loosebool randomadmi uuuf aab bjp propaganda ko likes kaise milenge moditohgaya whokilledrajivg
566,  _ kashibolenamonamo phirekbaarmodisarkar narendramodi
567,posting reaction shameless comments pmoindia rajivgandhi shameonpmmodi
568,  aapcandidates delhiwithcongress aayegatohmodihi modihiaayega p singh
569,years rahulgandhi attacking narendramodi baseless alligation like chowkidar chor pulwama briyani nawab sarif lutyens media dynesty slaves modi started counter attack facts figure lutyens media dynesty slaves
570,guddi devi face advertising posters banners thrilling project use dried cow dung cooking deshkishaanmodi
571,vatandatan ysk kararna tepki bizim zekamzla dalga geiyorsunuz kaynak yenia vatandatan ysk karar
572,  chouhanshivraj deshkishaanmodi
573,narendra modi gone dog whistle vulture politics says bainjal thewire_in
574,tmc manogyaloiwal narendramodi atvideo t
575,seen manmohan ji sonia gandhi attended rallies given speeches power took granted modi ji working like aar ya paar attitude difference
576,  sabsebadajhootamodi shameonpmmodi loksabhaelections incindia rahulgandhi priyankagandhi divyaspandana
577,  modiledubega
578,  st rd arested alwar gang rape policerajasthan kill st rds delay beacuse crappy people worthy live narendramodi
579,vs narendramodi manogyaloiwal atvideo t
580,calling spade spade rajiv gandhi took ins viraat family vacation jeopardised national security pm modi
581,  namoagain modihiaayega bjp amitshah namo moditotimesnow
582,modi doesn believe love true hindu true hindu taught lie modi pathological liar goes says proven lie sick shameful lying incessantly targeting sabsebadajhootamodi
583,  rajasthanroyals rcbtweets dc lose csk csk won dc mi won dc csk won mi winner ipl final gt onepluspro deshkishaanmodi gamebanayeganame r
584,  rahulgandhi sabsebadajhootamodi
585,divya lies countered commander navy shri chandrasekhar rounds whatsapp groups says witness misuse war ship don dare modi lies
586,  incindia narendramodi rahulgandhi lambaalka sherryontopp
587,flag stands saffron sacrifice white peace purity green life prosperity gautamgambhir wearing rss narendramodi glasses amp having tunnel vision sees saffron anger white shroud green hatred decide vote atishiforeastdelhi
588,abused mother asked father pm modi lists congress abuses hurled
589,mr teleprompter interview sabsebadajhootamodi
590,  ma_rathore ajaysingh kunwarmanojsin narendramodi vasundharabjp myogiadityanath gssjodhpur ra_thore
591,nehru took homework priyankagandhi jibes pm modi delhi roadshow loksabhaelections
592,  deshkishaanmodi congressneveragain
593,  maibhichowkidar maibhichowkidaar maibhichaukidar chowkidarphirse chowkidars chowkidar chowkidaar chowkidari chowkidarnarendramodi choukidar chokidaar chokidar chokidar narender modi modispeakstobharat modihaitomumkinhai modifor modiagain modiji
594,mere changing names performance modi ji check article modi merely renamed congres
595,pm modi lists abuses hurled says congress didn spare mother incindia needed reminded past tht masters pm hs touched rajeev gandhi disclose excesses committed emergency
596,  drmjaipur arvindm railwayseva piyushgoyaloffc pmoindia narendramodi concerned department parce
597,  sarojpandeybjp narendramodi amitshah bjpindia bjpwbengal ramlal
598,pm modi hits mamatabanerjee says tmcs anti democratic ways angered people loksabhaelections live updates t
599,  chefbrianmodipa come thuka mos ne
600,  sabsebadajhootamodi modi lies economic growth having picked rule sensex underperformed
601,  narendramodi deshkishaanmodi
602,  modijis gas scheme poster woman forced cook cow dung
603,  manojtiwarimp khesarily deshkishaanmodi
604,young boy wears modi mask policeman beats s real choice india mai baap control police state waiting corrupt congress ecosystem return vs aspirational india sees modi fighting
605,  rupasubramanya narendramodi tweets nice joke modis achievement fight fiscal deficit
606,  deshkishaanmodi narendramodi byadavbjp siddharthanbjp vijaygoelbjp drsanjaymayukh sandeepfromvns sujeetsoni_bjp girishgohil_bjp gkmadathil
607,live shri nitin_gadkari addressing press conference bjp hq deshkishaanmodi
608,  deshkishaanmodi
609,congress shedding crocodile tears defence minister nsitharaman modiinsviraatattack
610,  cammodisane effsouthafrica s vote
611,modi lies score retd vice admiral demolishes modi latest lie responsibility citizens expose pack lies head amp gain insights sabsebadajhootamodi
612,eu amo perfectionists mas pra negar que srie teve nenhum desenvolvimento mesmo indo pro episdio roteiro parado vilo fraco marlene pegou vrios plots de pll modificou pra enfiar na srie quando ela deveria ter algo prprio dela
613,people muslim religion comment modi kind holy war coz
614,gross bank credit grew lakhcr retail loans grew lakh cr personal loans grew lakhcr outstanding credit cards grew cr despite large psbs pca better yr modinomics
615,responsible citizen want strong amp stable government don let day vacation leave years regret amp vote voice heard vote counts vote nation nationfirst narendramodi
616,truly verily descended northeast bengal odisha corner india place divinity signals protection nation rapacious forces amp ensure phirekbarmodisarkar modihiaayega breakoutdecade
617,ins viraat insulted personal taxi happened rajiv gandhi family day vacation said narendramodi
618,  sabsebadajhootamodi
619,  narendra modi deshkishaanmodi narendramodi
620,  ins sabsebadajhootamodi
621,dua karo ki na aaye kunalkamra sabsebadajhootamodi modikafakegdp moditohgaya
622,  onepluspro deshkishaanmodi thursdaythoughts maharanapratap
623,modi deliberately trying change subject performance nt react nt rajiv gandhi
624,ecosystem defend rg saying gandhi family board ins viraat official visit forgot mention example pm family visiting indian aircraft carrier deshkishaanmodi
625,  deshkishaanmodi modihiaayega tajinderbagga gauravbh payal_rohatgi
626,seeing eminent loss ls elections outgoing prime minister trying best divert attention indian voters respected pm indian voter wise mature desperation sabsebadajhootamodi
627,real accidental prime minister sanjay gandhi died plane crash amp indira gandhi forced rajiv stand amethi indias political history different despite missteps rajiv heart good man job wanted column
628,  pcmohanmp narendramodi bjpkarnataka nice interview pm boldly point developmental
629,  man commodity
630,  narendramodi abdullah_mar k laxman ji rajiv holiday bangaram island
631,  elections turning point indias rise world pm narendramodi pmoindia bjpkarnataka
632,frustrated pm unable accept party going lose elections badly resorting fake statements amp throwing muck prime ministers india divert attention peope real issues results wo nt change sabsebadajhootamodi
633,  modiagain
634,live shri amitshah roadshow bhopal madhya pradesh modihiaayega
635,fudged gdp means following misled policy makers state central government budgetary allocation foreign investors credit rating firms stock markets corporate india voters media esp business farmers rbi sabsebadajhootamodi
636,relax crime pm holiday energize s human pm modi setting bad precedent president obama took vacation days yrs office airforce vacations family rajivgandhi
637,lies damned lies modi lies sabsebadajhootamodi
638,  jharkhandbolemodimodi deshkishaanmodi
639,  jharkhandbolemodimodi deshkishaanmodi
640,  sabsebadajhootamodi apt way describe modi ji leave stone unturned amp lengths
641,  narendramodi sureshpprabhu harvotemodiko
642,  deshkishaanmodi
643,  ajaydevgn narendramodi ravikishann nirahua manojtiwarimp _
644,opinion honourable narendramodi looks tremendously awkward unnatural uncomfortable phoney gl
645,disgusting people like rajivgandhi power misused privilege personal leisure ins viraat honeymoon suit pride indian navy insvirat rahulkabaapchorhai rajivgandhichorhai vanitajain sandeepfromvns mini _
646,  bjpindia narendramodi incindia pawankhera sambitswaraj real modi
647,pm narendramodi ji tribute great warrior maharana pratap narendra modi ji said life story great t
648,didn modi wipe face flag wrong having ancestral home pakistan true person moved india dumdum
649,buongiorno milano maggio duomodimilano bmeteo beautyfromitaly
650,  narendramodi zeenews
651, 
652,pm narendramodi gave free hand armed forces deal terrorists masters congress leaders allies objecting left chance demean forces amp valour pm manmohan singh rejected air force chiefs advice strike pak
653,  sanjaynirupam sir modi ki puri baja di hai apne newly appointed mrcc president doesn talk stays mum time
654,evm mamataofficial tmc ecisveep narendramodi
655,  deshkishaanmodi
656,  jharkhandbolemodimodi
657,  dev_fadnavis bharatmangemodidobara
658,  modikoe _ lol let hope don change
659,  sudhirchaudhary narendramodi zeenews
660,  narendramodi jharkhandbolemodimodi
661,lok sabha elections modi clocks nearly miles polls hindustan times
662,disgrace society hmoindia narendramodi_in myogiadityanath hang
663,jai hte de la nouvelle saison tout moment va avoir une nouvelle map quelques villes modifies etc ou si se trouve rien aura chang sest juste fait bait et va jouer les bulles se week end
664,time billion indians know primeminister rajivgandhi family vacationed ins virat important prime minister narendra modi raised today address loksabhaelections
665,  deshkishaanmodi
666,shame vinod dua journalist kattar congressi ravish kumar hand spotted sp bsp rally motive defeat narendramodi hook crook wednesdaywisdom
667,rt socialtamasha deshkishaanmodi congressneveragain
668,dear narendramodi gentle reminder case forgotten india voted rajeev gandhi account work thanks
669,issues hurt bjp delhi sealing drive unemployment absent mps reliance modi things benefit aap ak focusing delhi power water bills better schools teachers home delivery services volunteers
670,  roshankrrai narendramodi high time liar shown door sick tired dirt
671,  deshkishaanmodi common person experiencing ease living everyday life continuous suppor
672,  narendramodi rsprasad
673,  narendramodi follow jahnavijain _
674,  jharkhandbolemodimodi deshkishaanmodi
675,bharat tere tukde honge freedom speech modi modi threat digvijaya roadshow fir registered people chanted modi modi rahul roadshow cop slapped boy wearing modi mask dhanbad urmila roadshow people beaten borivali chanting modi modi
676,mr modi turned habitual liar fact eminent personalities like vice admiral retd vinod parischa having set records straight shows vile nature modi lies downgrading indian political discourse shameful sabsebadajhootamodi
677,  modi
678,pm modi inverview mamata banerjee hates lord ram issues durga puja vi
679,india today modify report rajiv gandhi ins virat personal taxi pm modi raised issue
680,pm chosen new topic lie distract people india inventing lies rajivgandhi latest rajivgandhi vice admiral retd vinod pasricha clarified times sabsebadajhootamodi
681,  vijaysankalprally deshkishaanmodi
682,didi accept slap blessing ask nt slap cheated lakhs poor chit fund scams slap run ttt trinamool tolabaji tax pm modi asks mamata purulia rabindrajayanti
683,  jharkhandbolemodimodi deshkishaanmodi
684,hair makeup trends captured hottest commodity metgala red carpet undivided attention
685,brazenly holidaying tax payers expense indian navy ships stealthily sneaking india indian security secret overseas holiday locations nehru italian dynasty come long way pm narendramodi expose sonia amp rahul
686,  rahulkanwal hey moron kanwal naval officer rejected modi claim shame blot journalism retd vice admiral vinod pasricha modis statement ins viraat sent rajiv gandhi family amp laws island holi
687,  rabridevirjd modiaanewalahai
688,  narendramodi kharge
689,man nehru gandhis outsmart nawab mughal sultan opulent lifestyle cost taxpayer robert clives british raj shame way partied money continued unabated thankfully modi came
690,story girl going touch heart wish child facilities child right narendramodi rahulgandhi imgrasshopper fekoslovakian
691,vice admiral vinod pasricha exposes pm modi lies rajivgandhi generals vp malik amp bikram singh nailed lies surgical strikes upa pm modi habitual liar armed forces set record straight time amp time sabsebadajhootamodi
692,  narendramodi dev_fadnavis amitshah nt understand building secretary chairman blackmail
693,  phirekbaarmodisarkar narendramodi bjpkarnataka
694,vote bjp rajiv gandhi s ignore narendramodi killed economy jobs msme sector people running scam called demonetisation years lol
695,  narendramodi abpnewstv almighty god prayed calling true correct method meditation helps powerful spiritually tap ocean joys meditating gods words reaches tenth door
696,narendra modis non official trips rs crore bjp paid iaf years scroll_in
697,armed forces worried misused rajiv cruise liner nehru air uber mistresses modi allowed talk decisions royalty
698,true deliverance man deliverance avidya e ignorance destroying positive rabindranath tagore bjp rss modi
699,  deshkishaanmodi
700,shiv sena backs pm modi bhrashtachari remark says price rahul paying insulting savarkar
701,  hardilmeimodi hargharmodikesaath bharatkagarvhemodi modihaitovikashai jaihind
702,mamataofficial vs people pmoindia tells manogyaloiwal purulia bengal narendramodi says colleague manogya attacked earlier claimed freedom expression attack suddenly silent interview live indiatoday
703,  lifestyle modification nt lifestylechange weightloss portioncontrol livehealthy exercise nutrition healthyliving eatwell foodquality wellness macros calorie cleaneating veganlife
704,  delhiiswithbjp koi drink pappumutra ki add banao chamcho ko bhejo waise kamino ne add achhi banayi asli mein yeah chamcho ka chashma hai jo congress time pe chamcho ne laga rakha tha abb inko sab achha achha dikhne laga jab narendramodi bjpdelhi ki government hai
705,  lifestyle modification nt lifestylechange weightloss portioncontrol livehealthy exercise nutrition healthyliving eatwell macros calories cleaneating veganlifestyle
706,  _ _
707,  datadarbar lahoreblast
708,  narendramodi rahulkachallenge
709,km stretch purulia nh pm held rally crowd larger city seen entire stretch filled cars trucks trolleys state govt tmc allow bjp buses jeetegatomodihi modihiaayega
710,  bjpindia modiaanewalahai bharatkagarvmodi modihiaayega modikafakegdp
711,evm mamataofficial tmc ecisveep narendramodi
712,  narendramodi deshkishaanmodi
713,transasese bharatkagarvmodi
714,ex pm ins virat family holiday link story pm narendramodi raked lot unanswered questions shehzad_ind meghasprasad murleetn
715,  jharkhandbolemodimodi
716,known bravery courage jihadi akbar reign worshipped royal families rajputana bold brave right childhood sure going valiant person grew artwork sengardeep
717,lot people don know alleged nude picture jonathan spence fictitious claim started leroy thomas infamous neverland taking polygraph test maury talk leroy found lying claims exist period
718,  narendramodi best example positive work good vision reach successfull journey
719,  modihiaayega
720,  deshkishaanmodi
721,  deshkishaanmodi
722,  plz watch amp share deshkipasandmodi bhopal modihaitovikashai
723,canadian akshay kumar making fun saying petrol rs litre looks like scam petrol price rs scam acche din kind acting social media sabsebadajhootamodi
724,hand pm narendramodi hasn allowed family enrich position mother travels rickshaw hand family corruption misused public resources amp strategic defence asses like ins viraat family vacation
